{"Measure":["Weight (kg)","Weight (kg)","Weight (kg)","Weight (kg)","Weight (kg)","Weight (kg)","Weight (kg)","Weight (kg)","Weight (kg)","Weight Change from Baseline","Weight Change from Baseline","Weight Change from Baseline","Weight Change from Baseline","Weight Change from Baseline","Weight Change from Baseline"],"Treatment":["Placebo","Placebo","Placebo","Xanomeline High Dose","Xanomeline High Dose","Xanomeline High Dose","Xanomeline Low Dose","Xanomeline Low Dose","Xanomeline Low Dose","Placebo","Placebo","Xanomeline High Dose","Xanomeline High Dose","Xanomeline Low Dose","Xanomeline Low Dose"],"N":[86,86,86,84,84,84,84,84,84,86,86,84,84,84,84],"Planned Relative Time":["Baseline","Week 24","End of Trt.","Baseline","Week 24","End of Trt.","Baseline","Week 24","End of Trt.","Week 24","End of Trt.","Week 24","End of Trt.","Week 24","End of Trt."],"n":[86,59,82,84,30,72,83,27,72,59,82,30,72,27,71],"Mean":[62.75744186,63.22423729,63.01939024,69.99880952,71.072,69.31,67.27421687,67.4337037,66.78027778,0.14711864,0.03829268,0.995,0.05902778,-0.33666667,-0.33422535],"SD":[12.77038801,12.58336535,12.71125091,14.65117244,15.81545499,14.47951034,14.12506923,14.07154826,14.32693651,2.29693878,1.89312649,6.47103293,4.81890209,2.04482837,2.73381453],"Median":[60.56,63.5,63.095,69.175,68.72,68.04,64.86,62.6,65.89,0,0,-0.225,-0.34,0,0],"Min.":[34.02,34.02,34.47,41.73,49.9,42.18,45.36,45.54,41.73,-4.54,-4.99,-4.53,-5.9,-5.44,-14.52],"Max.":[86.18,86.64,87.09,107.96,105.69,105.24,106.14,106.14,104.78,8.17,4.99,33.34,36.97,3.18,5.89]}
